Source	Target	Type_of_interaction	Weight
1	2	linear1	10000
2	3	linear1	10000
3	4	linear1	10000
4	5	linear1	10000
5	6	linear1	10000
6	7	linear1	10000
7	8	linear1	10000
8	9	linear1	10000
9	10	linear1	10000
10	11	linear1	10000
11	12	linear1	10000
12	13	linear1	10000
13	14	linear1	10000
14	15	linear1	10000
15	16	linear1	10000
16	17	linear1	10000
17	18	linear1	10000
18	19	linear1	10000
19	20	linear1	10000
20	21	linear1	10000
21	22	linear1	10000
22	23	linear1	10000
23	24	linear1	10000
24	25	linear1	10000
25	26	linear1	10000
26	27	linear1	10000
27	28	linear1	10000
28	29	linear1	10000
29	30	linear1	10000
30	31	linear1	10000
31	32	linear1	10000
32	33	linear1	10000
33	34	linear1	10000
34	35	linear1	10000
35	36	linear1	10000
36	37	linear1	10000
37	38	linear1	10000
38	39	linear1	10000
39	40	linear1	10000
40	41	linear1	10000
41	42	linear1	10000
42	43	linear1	10000
43	44	linear1	10000
44	45	linear1	10000
45	46	linear1	10000
46	47	linear1	10000
47	48	linear1	10000
48	49	linear1	10000
49	50	linear1	10000
50	51	linear1	10000
51	52	linear1	10000
52	53	linear1	10000
53	54	linear1	10000
54	55	linear1	10000
55	56	linear1	10000
56	57	linear1	10000
57	58	linear1	10000
58	59	linear1	10000
59	60	linear1	10000
60	61	linear1	10000
61	62	linear1	10000
62	63	linear1	10000
63	64	linear1	10000
64	65	linear1	10000
65	66	linear1	10000
66	67	linear1	10000
67	68	linear1	10000
68	69	linear1	10000
69	70	linear1	10000
70	71	linear1	10000
71	72	linear1	10000
72	73	linear1	10000
73	74	linear1	10000
74	75	linear1	10000
75	76	linear1	10000
76	77	linear1	10000
77	78	linear1	10000
78	79	linear1	10000
79	80	linear1	10000
80	81	linear1	10000
81	82	linear1	10000
82	83	linear1	10000
83	84	linear1	10000
84	85	linear1	10000
85	86	linear1	10000
86	87	linear1	10000
87	88	linear1	10000
88	89	linear1	10000
89	90	linear1	10000
90	91	linear1	10000
91	92	linear1	10000
92	93	linear1	10000
93	94	linear1	10000
94	95	linear1	10000
95	96	linear1	10000
96	97	linear1	10000
97	98	linear1	10000
98	99	linear1	10000
99	100	linear1	10000
100	101	linear1	10000
101	102	linear1	10000
102	103	linear1	10000
103	104	linear1	10000
104	105	linear1	10000
105	106	linear1	10000
106	107	linear1	10000
107	108	linear1	10000
108	109	linear1	10000
109	110	linear1	10000
110	111	linear1	10000
111	112	linear1	10000
112	113	linear1	10000
113	114	linear1	10000
114	115	linear1	10000
115	116	linear1	10000
116	117	linear1	10000
117	118	linear1	10000
118	119	linear1	10000
119	120	linear1	10000
120	121	linear1	10000
121	122	linear1	10000
122	123	linear1	10000
123	124	linear1	10000
124	125	linear1	10000
125	126	linear1	10000
126	127	linear1	10000
127	128	linear1	10000
128	129	linear1	10000
129	130	linear1	10000
130	131	linear1	10000
131	132	linear1	10000
132	133	linear1	10000
133	134	linear1	10000
134	135	linear1	10000
135	136	linear1	10000
136	137	linear1	10000
137	138	linear1	10000
138	139	linear1	10000
139	140	linear1	10000
140	141	linear1	10000
141	142	linear1	10000
142	143	linear1	10000
143	144	linear1	10000
144	145	linear1	10000
145	146	linear1	10000
146	147	linear1	10000
147	148	linear1	10000
148	149	linear1	10000
149	150	linear1	10000
150	151	linear1	10000
151	152	linear1	10000
152	153	linear1	10000
153	154	linear1	10000
154	155	linear1	10000
155	156	linear1	10000
156	157	linear1	10000
157	158	linear1	10000
158	159	linear1	10000
159	160	linear1	10000
160	161	linear1	10000
161	162	linear1	10000
162	163	linear1	10000
163	164	linear1	10000
164	165	linear1	10000
165	166	linear1	10000
166	167	linear1	10000
167	168	linear1	10000
168	169	linear1	10000
169	170	linear1	10000
170	171	linear1	10000
171	172	linear1	10000
172	173	linear1	10000
173	174	linear1	10000
174	175	linear1	10000
175	176	linear1	10000
176	177	linear1	10000
177	178	linear1	10000
178	179	linear1	10000
179	180	linear1	10000
180	181	linear1	10000
181	182	linear1	10000
182	183	linear1	10000
183	184	linear1	10000
184	185	linear1	10000
185	186	linear1	10000
186	187	linear1	10000
187	188	linear1	10000
188	189	linear1	10000
189	190	linear1	10000
190	191	linear1	10000
191	192	linear1	10000
192	193	linear1	10000
193	194	linear1	10000
194	195	linear1	10000
195	196	linear1	10000
196	197	linear1	10000
197	198	linear1	10000
198	199	linear1	10000
199	200	linear1	10000
200	201	linear1	10000
201	202	linear1	10000
202	203	linear1	10000
203	204	linear1	10000
204	205	linear1	10000
205	206	linear1	10000
206	207	linear1	10000
207	208	linear1	10000
208	209	linear1	10000
209	210	linear1	10000
210	211	linear1	10000
211	212	linear1	10000
212	213	linear1	10000
213	214	linear1	10000
214	215	linear1	10000
215	216	linear1	10000
216	217	linear1	10000
217	218	linear1	10000
218	219	linear1	10000
219	220	linear1	10000
220	221	linear1	10000
221	222	linear1	10000
222	223	linear1	10000
223	224	linear1	10000
224	225	linear1	10000
225	226	linear1	10000
226	227	linear1	10000
227	228	linear1	10000
228	229	linear1	10000
229	230	linear1	10000
230	231	linear1	10000
231	232	linear1	10000
232	233	linear1	10000
233	234	linear1	10000
234	235	linear1	10000
235	236	linear1	10000
236	237	linear1	10000
237	238	linear1	10000
238	239	linear1	10000
239	240	linear1	10000
240	241	linear1	10000
241	242	linear1	10000
242	243	linear1	10000
243	244	linear1	10000
244	245	linear1	10000
245	246	linear1	10000
246	247	linear1	10000
247	248	linear1	10000
248	249	linear1	10000
249	250	linear1	10000
250	251	linear1	10000
251	252	linear1	10000
252	253	linear1	10000
253	254	linear1	10000
254	255	linear1	10000
255	256	linear1	10000
256	257	linear1	10000
257	258	linear1	10000
258	259	linear1	10000
259	260	linear1	10000
260	261	linear1	10000
261	262	linear1	10000
262	263	linear1	10000
263	264	linear1	10000
264	265	linear1	10000
265	266	linear1	10000
266	267	linear1	10000
267	268	linear1	10000
268	269	linear1	10000
269	270	linear1	10000
270	271	linear1	10000
271	272	linear1	10000
272	273	linear1	10000
273	274	linear1	10000
274	275	linear1	10000
275	276	linear1	10000
276	277	linear1	10000
277	278	linear1	10000
278	279	linear1	10000
279	280	linear1	10000
280	281	linear1	10000
281	282	linear1	10000
282	283	linear1	10000
283	284	linear1	10000
284	285	linear1	10000
285	286	linear1	10000
286	287	linear1	10000
287	288	linear1	10000
288	289	linear1	10000
289	290	linear1	10000
290	291	linear1	10000
291	292	linear1	10000
292	293	linear1	10000
293	294	linear1	10000
294	295	linear1	10000
295	296	linear1	10000
296	297	linear1	10000
297	298	linear1	10000
298	299	linear1	10000
299	300	linear1	10000
300	301	linear1	10000
301	302	linear1	10000
302	303	linear1	10000
303	304	linear1	10000
304	305	linear1	10000
305	306	linear1	10000
306	307	linear1	10000
307	308	linear1	10000
308	309	linear1	10000
309	310	linear1	10000
310	311	linear1	10000
311	312	linear1	10000
312	313	linear1	10000
313	314	linear1	10000
314	315	linear1	10000
315	316	linear1	10000
316	317	linear1	10000
317	318	linear1	10000
318	319	linear1	10000
319	320	linear1	10000
320	321	linear1	10000
321	322	linear1	10000
322	323	linear1	10000
323	324	linear1	10000
324	325	linear1	10000
325	326	linear1	10000
326	327	linear1	10000
327	328	linear1	10000
328	329	linear1	10000
329	330	linear1	10000
330	331	linear1	10000
331	332	linear1	10000
332	333	linear1	10000
333	334	linear1	10000
334	335	linear1	10000
335	336	linear1	10000
336	337	linear1	10000
337	338	linear1	10000
338	339	linear1	10000
339	340	linear1	10000
340	341	linear1	10000
341	342	linear1	10000
342	343	linear1	10000
343	344	linear1	10000
344	345	linear1	10000
345	346	linear1	10000
346	347	linear1	10000
347	348	linear1	10000
348	349	linear1	10000
349	350	linear1	10000
350	351	linear1	10000
351	352	linear1	10000
352	353	linear1	10000
353	354	linear1	10000
354	355	linear1	10000
355	356	linear1	10000
356	357	linear1	10000
357	358	linear1	10000
358	359	linear1	10000
359	360	linear1	10000
360	361	linear1	10000
361	362	linear1	10000
362	363	linear1	10000
363	364	linear1	10000
364	365	linear1	10000
365	366	linear1	10000
366	367	linear1	10000
367	368	linear1	10000
368	369	linear1	10000
369	370	linear1	10000
370	371	linear1	10000
371	372	linear1	10000
372	373	linear1	10000
373	374	linear1	10000
374	375	linear1	10000
375	376	linear1	10000
376	377	linear1	10000
377	378	linear1	10000
378	379	linear1	10000
379	380	linear1	10000
380	381	linear1	10000
381	382	linear1	10000
382	383	linear1	10000
383	384	linear1	10000
384	385	linear1	10000
385	386	linear1	10000
386	387	linear1	10000
387	388	linear1	10000
388	389	linear1	10000
389	390	linear1	10000
390	391	linear1	10000
391	392	linear1	10000
392	393	linear1	10000
393	394	linear1	10000
394	395	linear1	10000
395	396	linear1	10000
396	397	linear1	10000
397	398	linear1	10000
398	399	linear1	10000
399	400	linear1	10000
400	401	linear1	10000
401	402	linear1	10000
402	403	linear1	10000
403	404	linear1	10000
404	405	linear1	10000
405	406	linear1	10000
406	407	linear1	10000
407	408	linear1	10000
408	409	linear1	10000
409	410	linear1	10000
410	411	linear1	10000
411	412	linear1	10000
412	413	linear1	10000
413	414	linear1	10000
414	415	linear1	10000
415	416	linear1	10000
416	417	linear1	10000
417	418	linear1	10000
418	419	linear1	10000
419	420	linear1	10000
420	421	linear1	10000
421	422	linear1	10000
422	423	linear1	10000
423	424	linear1	10000
424	425	linear1	10000
425	426	linear1	10000
426	427	linear1	10000
427	428	linear1	10000
428	429	linear1	10000
429	430	linear1	10000
430	431	linear1	10000
431	432	linear1	10000
432	433	linear1	10000
433	434	linear1	10000
434	435	linear1	10000
435	436	linear1	10000
436	437	linear1	10000
437	438	linear1	10000
438	439	linear1	10000
439	440	linear1	10000
440	441	linear1	10000
441	442	linear1	10000
442	443	linear1	10000
443	444	linear1	10000
444	445	linear1	10000
445	446	linear1	10000
446	447	linear1	10000
447	448	linear1	10000
448	449	linear1	10000
449	450	linear1	10000
450	451	linear1	10000
451	452	linear1	10000
452	453	linear1	10000
453	454	linear1	10000
454	455	linear1	10000
455	456	linear1	10000
456	457	linear1	10000
457	458	linear1	10000
458	459	linear1	10000
459	460	linear1	10000
460	461	linear1	10000
461	462	linear1	10000
462	463	linear1	10000
463	464	linear1	10000
464	465	linear1	10000
465	466	linear1	10000
466	467	linear1	10000
467	468	linear1	10000
468	469	linear1	10000
469	470	linear1	10000
470	471	linear1	10000
471	472	linear1	10000
472	473	linear1	10000
473	474	linear1	10000
474	475	linear1	10000
475	476	linear1	10000
476	477	linear1	10000
477	478	linear1	10000
478	479	linear1	10000
479	480	linear1	10000
480	481	linear1	10000
481	482	linear1	10000
482	483	linear1	10000
483	484	linear1	10000
484	485	linear1	10000
485	486	linear1	10000
486	487	linear1	10000
487	488	linear1	10000
488	489	linear1	10000
489	490	linear1	10000
490	491	linear1	10000
491	492	linear1	10000
492	493	linear1	10000
493	494	linear1	10000
494	495	linear1	10000
495	496	linear1	10000
496	497	linear1	10000
497	498	linear1	10000
498	499	linear1	10000
499	500	linear1	10000
500	501	linear1	10000
501	502	linear1	10000
502	503	linear1	10000
503	504	linear1	10000
504	505	linear1	10000
505	506	linear1	10000
506	507	linear1	10000
507	508	linear1	10000
508	509	linear1	10000
509	510	linear1	10000
510	511	linear1	10000
511	512	linear1	10000
512	513	linear1	10000
513	514	linear1	10000
514	515	linear1	10000
515	516	linear1	10000
516	517	linear1	10000
517	518	linear1	10000
518	519	linear1	10000
519	520	linear1	10000
520	521	linear1	10000
521	522	linear1	10000
522	523	linear1	10000
523	524	linear1	10000
524	525	linear1	10000
525	526	linear1	10000
526	527	linear1	10000
527	528	linear1	10000
528	529	linear1	10000
529	530	linear1	10000
530	531	linear1	10000
531	532	linear1	10000
532	533	linear1	10000
533	534	linear1	10000
534	535	linear1	10000
535	536	linear1	10000
536	537	linear1	10000
537	538	linear1	10000
538	539	linear1	10000
539	540	linear1	10000
540	541	linear1	10000
541	542	linear1	10000
542	543	linear1	10000
543	544	linear1	10000
544	545	linear1	10000
545	546	linear1	10000
546	547	linear1	10000
547	548	linear1	10000
548	549	linear1	10000
549	550	linear1	10000
550	551	linear1	10000
551	552	linear1	10000
552	553	linear1	10000
553	554	linear1	10000
554	555	linear1	10000
555	556	linear1	10000
556	557	linear1	10000
557	558	linear1	10000
559	560	linear2	10000
560	561	linear2	10000
561	562	linear2	10000
562	563	linear2	10000
563	564	linear2	10000
564	565	linear2	10000
565	566	linear2	10000
566	567	linear2	10000
567	568	linear2	10000
568	569	linear2	10000
569	570	linear2	10000
570	571	linear2	10000
571	572	linear2	10000
572	573	linear2	10000
573	574	linear2	10000
574	575	linear2	10000
575	576	linear2	10000
576	577	linear2	10000
577	578	linear2	10000
578	579	linear2	10000
579	580	linear2	10000
580	581	linear2	10000
581	582	linear2	10000
582	583	linear2	10000
583	584	linear2	10000
584	585	linear2	10000
585	586	linear2	10000
586	587	linear2	10000
587	588	linear2	10000
588	589	linear2	10000
589	590	linear2	10000
590	591	linear2	10000
591	592	linear2	10000
592	593	linear2	10000
593	594	linear2	10000
594	595	linear2	10000
595	596	linear2	10000
596	597	linear2	10000
597	598	linear2	10000
598	599	linear2	10000
599	600	linear2	10000
600	601	linear2	10000
601	602	linear2	10000
602	603	linear2	10000
603	604	linear2	10000
604	605	linear2	10000
605	606	linear2	10000
606	607	linear2	10000
607	608	linear2	10000
608	609	linear2	10000
609	610	linear2	10000
610	611	linear2	10000
611	612	linear2	10000
612	613	linear2	10000
613	614	linear2	10000
614	615	linear2	10000
615	616	linear2	10000
616	617	linear2	10000
617	618	linear2	10000
618	619	linear2	10000
619	620	linear2	10000
620	621	linear2	10000
621	622	linear2	10000
622	623	linear2	10000
623	624	linear2	10000
624	625	linear2	10000
625	626	linear2	10000
626	627	linear2	10000
627	628	linear2	10000
628	629	linear2	10000
629	630	linear2	10000
630	631	linear2	10000
631	632	linear2	10000
632	633	linear2	10000
633	634	linear2	10000
634	635	linear2	10000
635	636	linear2	10000
636	637	linear2	10000
637	638	linear2	10000
638	639	linear2	10000
639	640	linear2	10000
640	641	linear2	10000
641	642	linear2	10000
642	643	linear2	10000
643	644	linear2	10000
644	645	linear2	10000
645	646	linear2	10000
646	647	linear2	10000
647	648	linear2	10000
648	649	linear2	10000
649	650	linear2	10000
650	651	linear2	10000
651	652	linear2	10000
652	653	linear2	10000
653	654	linear2	10000
654	655	linear2	10000
655	656	linear2	10000
656	657	linear2	10000
657	658	linear2	10000
658	659	linear2	10000
659	660	linear2	10000
660	661	linear2	10000
661	662	linear2	10000
662	663	linear2	10000
663	664	linear2	10000
664	665	linear2	10000
665	666	linear2	10000
666	667	linear2	10000
667	668	linear2	10000
668	669	linear2	10000
669	670	linear2	10000
670	671	linear2	10000
671	672	linear2	10000
672	673	linear2	10000
673	674	linear2	10000
674	675	linear2	10000
675	676	linear2	10000
676	677	linear2	10000
677	678	linear2	10000
678	679	linear2	10000
679	680	linear2	10000
680	681	linear2	10000
681	682	linear2	10000
682	683	linear2	10000
683	684	linear2	10000
684	685	linear2	10000
685	686	linear2	10000
686	687	linear2	10000
687	688	linear2	10000
688	689	linear2	10000
689	690	linear2	10000
690	691	linear2	10000
691	692	linear2	10000
692	693	linear2	10000
693	694	linear2	10000
694	695	linear2	10000
695	696	linear2	10000
696	697	linear2	10000
697	698	linear2	10000
698	699	linear2	10000
699	700	linear2	10000
700	701	linear2	10000
701	702	linear2	10000
702	703	linear2	10000
703	704	linear2	10000
704	705	linear2	10000
705	706	linear2	10000
706	707	linear2	10000
707	708	linear2	10000
708	709	linear2	10000
709	710	linear2	10000
710	711	linear2	10000
711	712	linear2	10000
712	713	linear2	10000
713	714	linear2	10000
714	715	linear2	10000
715	716	linear2	10000
716	717	linear2	10000
717	718	linear2	10000
718	719	linear2	10000
719	720	linear2	10000
720	721	linear2	10000
721	722	linear2	10000
722	723	linear2	10000
723	724	linear2	10000
724	725	linear2	10000
725	726	linear2	10000
726	727	linear2	10000
727	728	linear2	10000
728	729	linear2	10000
729	730	linear2	10000
730	731	linear2	10000
731	732	linear2	10000
732	733	linear2	10000
733	734	linear2	10000
734	735	linear2	10000
735	736	linear2	10000
736	737	linear2	10000
737	738	linear2	10000
738	739	linear2	10000
739	740	linear2	10000
740	741	linear2	10000
741	742	linear2	10000
742	743	linear2	10000
743	744	linear2	10000
744	745	linear2	10000
745	746	linear2	10000
746	747	linear2	10000
747	748	linear2	10000
748	749	linear2	10000
749	750	linear2	10000
750	751	linear2	10000
751	752	linear2	10000
752	753	linear2	10000
753	754	linear2	10000
754	755	linear2	10000
755	756	linear2	10000
756	757	linear2	10000
757	758	linear2	10000
758	759	linear2	10000
759	760	linear2	10000
760	761	linear2	10000
761	762	linear2	10000
762	763	linear2	10000
763	764	linear2	10000
764	765	linear2	10000
765	766	linear2	10000
766	767	linear2	10000
767	768	linear2	10000
768	769	linear2	10000
769	770	linear2	10000
770	771	linear2	10000
771	772	linear2	10000
772	773	linear2	10000
773	774	linear2	10000
774	775	linear2	10000
775	776	linear2	10000
776	777	linear2	10000
777	778	linear2	10000
778	779	linear2	10000
779	780	linear2	10000
780	781	linear2	10000
781	782	linear2	10000
782	783	linear2	10000
783	784	linear2	10000
784	785	linear2	10000
785	786	linear2	10000
786	787	linear2	10000
787	788	linear2	10000
788	789	linear2	10000
789	790	linear2	10000
790	791	linear2	10000
791	792	linear2	10000
792	793	linear2	10000
793	794	linear2	10000
794	795	linear2	10000
795	796	linear2	10000
796	797	linear2	10000
797	798	linear2	10000
798	799	linear2	10000
799	800	linear2	10000
800	801	linear2	10000
801	802	linear2	10000
802	803	linear2	10000
803	804	linear2	10000
804	805	linear2	10000
805	806	linear2	10000
806	807	linear2	10000
807	808	linear2	10000
808	809	linear2	10000
809	810	linear2	10000
810	811	linear2	10000
811	812	linear2	10000
812	813	linear2	10000
813	814	linear2	10000
814	815	linear2	10000
815	816	linear2	10000
816	817	linear2	10000
817	818	linear2	10000
818	819	linear2	10000
819	820	linear2	10000
820	821	linear2	10000
821	822	linear2	10000
822	823	linear2	10000
823	824	linear2	10000
824	825	linear2	10000
825	826	linear2	10000
826	827	linear2	10000
827	828	linear2	10000
828	829	linear2	10000
829	830	linear2	10000
830	831	linear2	10000
831	832	linear2	10000
832	833	linear2	10000
833	834	linear2	10000
834	835	linear2	10000
835	836	linear2	10000
836	837	linear2	10000
837	838	linear2	10000
838	839	linear2	10000
839	840	linear2	10000
840	841	linear2	10000
841	842	linear2	10000
842	843	linear2	10000
843	844	linear2	10000
844	845	linear2	10000
845	846	linear2	10000
846	847	linear2	10000
847	848	linear2	10000
848	849	linear2	10000
849	850	linear2	10000
850	851	linear2	10000
851	852	linear2	10000
852	853	linear2	10000
853	854	linear2	10000
854	855	linear2	10000
855	856	linear2	10000
856	857	linear2	10000
857	858	linear2	10000
858	859	linear2	10000
859	860	linear2	10000
860	861	linear2	10000
861	862	linear2	10000
862	863	linear2	10000
863	864	linear2	10000
864	865	linear2	10000
865	866	linear2	10000
866	867	linear2	10000
867	868	linear2	10000
868	869	linear2	10000
869	870	linear2	10000
870	871	linear2	10000
871	872	linear2	10000
872	873	linear2	10000
873	874	linear2	10000
874	875	linear2	10000
875	876	linear2	10000
876	877	linear2	10000
877	878	linear2	10000
878	879	linear2	10000
879	880	linear2	10000
880	881	linear2	10000
881	882	linear2	10000
882	883	linear2	10000
883	884	linear2	10000
884	885	linear2	10000
885	886	linear2	10000
886	887	linear2	10000
887	888	linear2	10000
888	889	linear2	10000
889	890	linear2	10000
890	891	linear2	10000
891	892	linear2	10000
892	893	linear2	10000
893	894	linear2	10000
894	895	linear2	10000
895	896	linear2	10000
896	897	linear2	10000
897	898	linear2	10000
898	899	linear2	10000
899	900	linear2	10000
900	901	linear2	10000
901	902	linear2	10000
902	903	linear2	10000
903	904	linear2	10000
904	905	linear2	10000
905	906	linear2	10000
906	907	linear2	10000
907	908	linear2	10000
908	909	linear2	10000
909	910	linear2	10000
910	911	linear2	10000
911	912	linear2	10000
912	913	linear2	10000
913	914	linear2	10000
914	915	linear2	10000
915	916	linear2	10000
916	917	linear2	10000
917	918	linear2	10000
918	919	linear2	10000
919	920	linear2	10000
920	921	linear2	10000
921	922	linear2	10000
922	923	linear2	10000
923	924	linear2	10000
924	925	linear2	10000
925	926	linear2	10000
926	927	linear2	10000
927	928	linear2	10000
928	929	linear2	10000
929	930	linear2	10000
930	931	linear2	10000
931	932	linear2	10000
932	933	linear2	10000
933	934	linear2	10000
934	935	linear2	10000
935	936	linear2	10000
936	937	linear2	10000
937	938	linear2	10000
938	939	linear2	10000
939	940	linear2	10000
940	941	linear2	10000
941	942	linear2	10000
942	943	linear2	10000
943	944	linear2	10000
944	945	linear2	10000
945	946	linear2	10000
946	947	linear2	10000
947	948	linear2	10000
948	949	linear2	10000
949	950	linear2	10000
950	951	linear2	10000
951	952	linear2	10000
952	953	linear2	10000
953	954	linear2	10000
954	955	linear2	10000
955	956	linear2	10000
956	957	linear2	10000
957	958	linear2	10000
958	959	linear2	10000
959	960	linear2	10000
960	961	linear2	10000
961	962	linear2	10000
962	963	linear2	10000
963	964	linear2	10000
964	965	linear2	10000
965	966	linear2	10000
966	967	linear2	10000
967	968	linear2	10000
968	969	linear2	10000
969	970	linear2	10000
970	971	linear2	10000
971	972	linear2	10000
972	973	linear2	10000
973	974	linear2	10000
974	975	linear2	10000
975	976	linear2	10000
976	977	linear2	10000
977	978	linear2	10000
978	979	linear2	10000
979	980	linear2	10000
980	981	linear2	10000
981	982	linear2	10000
982	983	linear2	10000
983	984	linear2	10000
984	985	linear2	10000
985	986	linear2	10000
986	987	linear2	10000
987	988	linear2	10000
988	989	linear2	10000
989	990	linear2	10000
990	991	linear2	10000
991	992	linear2	10000
992	993	linear2	10000
993	994	linear2	10000
994	995	linear2	10000
995	996	linear2	10000
996	997	linear2	10000
997	998	linear2	10000
998	999	linear2	10000
999	1000	linear2	10000
1000	1001	linear2	10000
1001	1002	linear2	10000
1002	1003	linear2	10000
1003	1004	linear2	10000
1004	1005	linear2	10000
1005	1006	linear2	10000
1006	1007	linear2	10000
1007	1008	linear2	10000
1008	1009	linear2	10000
1009	1010	linear2	10000
1010	1011	linear2	10000
1011	1012	linear2	10000
1013	1014	linear3	10000
1014	1015	linear3	10000
1015	1016	linear3	10000
1016	1017	linear3	10000
1017	1018	linear3	10000
1018	1019	linear3	10000
1019	1020	linear3	10000
1020	1021	linear3	10000
1021	1022	linear3	10000
1022	1023	linear3	10000
1023	1024	linear3	10000
1024	1025	linear3	10000
1025	1026	linear3	10000
1026	1027	linear3	10000
1027	1028	linear3	10000
1028	1029	linear3	10000
1029	1030	linear3	10000
1030	1031	linear3	10000
1031	1032	linear3	10000
1032	1033	linear3	10000
1033	1034	linear3	10000
1034	1035	linear3	10000
1035	1036	linear3	10000
1036	1037	linear3	10000
1037	1038	linear3	10000
1038	1039	linear3	10000
1039	1040	linear3	10000
1040	1041	linear3	10000
1041	1042	linear3	10000
1042	1043	linear3	10000
1043	1044	linear3	10000
1044	1045	linear3	10000
1045	1046	linear3	10000
1046	1047	linear3	10000
1047	1048	linear3	10000
1048	1049	linear3	10000
1049	1050	linear3	10000
1050	1051	linear3	10000
1051	1052	linear3	10000
1052	1053	linear3	10000
1053	1054	linear3	10000
1054	1055	linear3	10000
1055	1056	linear3	10000
1056	1057	linear3	10000
1057	1058	linear3	10000
1058	1059	linear3	10000
1059	1060	linear3	10000
1060	1061	linear3	10000
1061	1062	linear3	10000
1062	1063	linear3	10000
1063	1064	linear3	10000
1064	1065	linear3	10000
1065	1066	linear3	10000
1066	1067	linear3	10000
1067	1068	linear3	10000
1068	1069	linear3	10000
1069	1070	linear3	10000
1070	1071	linear3	10000
1071	1072	linear3	10000
1072	1073	linear3	10000
1073	1074	linear3	10000
1074	1075	linear3	10000
1075	1076	linear3	10000
1076	1077	linear3	10000
1077	1078	linear3	10000
1078	1079	linear3	10000
1079	1080	linear3	10000
1080	1081	linear3	10000
1081	1082	linear3	10000
1082	1083	linear3	10000
1083	1084	linear3	10000
1084	1085	linear3	10000
1085	1086	linear3	10000
1086	1087	linear3	10000
1087	1088	linear3	10000
1088	1089	linear3	10000
1089	1090	linear3	10000
1090	1091	linear3	10000
1091	1092	linear3	10000
1092	1093	linear3	10000
1093	1094	linear3	10000
1094	1095	linear3	10000
1095	1096	linear3	10000
1096	1097	linear3	10000
1097	1098	linear3	10000
1098	1099	linear3	10000
1099	1100	linear3	10000
1100	1101	linear3	10000
1101	1102	linear3	10000
1102	1103	linear3	10000
1103	1104	linear3	10000
1104	1105	linear3	10000
1105	1106	linear3	10000
1106	1107	linear3	10000
1107	1108	linear3	10000
1108	1109	linear3	10000
1109	1110	linear3	10000
1110	1111	linear3	10000
1111	1112	linear3	10000
1112	1113	linear3	10000
1113	1114	linear3	10000
1114	1115	linear3	10000
1115	1116	linear3	10000
1116	1117	linear3	10000
1117	1118	linear3	10000
1118	1119	linear3	10000
1119	1120	linear3	10000
1120	1121	linear3	10000
1121	1122	linear3	10000
1122	1123	linear3	10000
1123	1124	linear3	10000
1124	1125	linear3	10000
1125	1126	linear3	10000
1126	1127	linear3	10000
1127	1128	linear3	10000
1128	1129	linear3	10000
1129	1130	linear3	10000
1130	1131	linear3	10000
1131	1132	linear3	10000
1132	1133	linear3	10000
1133	1134	linear3	10000
1134	1135	linear3	10000
1135	1136	linear3	10000
1136	1137	linear3	10000
1137	1138	linear3	10000
1138	1139	linear3	10000
1139	1140	linear3	10000
1140	1141	linear3	10000
1141	1142	linear3	10000
1142	1143	linear3	10000
1143	1144	linear3	10000
1144	1145	linear3	10000
1145	1146	linear3	10000
1146	1147	linear3	10000
1147	1148	linear3	10000
1148	1149	linear3	10000
1149	1150	linear3	10000
1150	1151	linear3	10000
1151	1152	linear3	10000
1152	1153	linear3	10000
1153	1154	linear3	10000
1154	1155	linear3	10000
1155	1156	linear3	10000
1156	1157	linear3	10000
1157	1158	linear3	10000
1158	1159	linear3	10000
1159	1160	linear3	10000
1160	1161	linear3	10000
1161	1162	linear3	10000
1162	1163	linear3	10000
1163	1164	linear3	10000
1164	1165	linear3	10000
1165	1166	linear3	10000
1166	1167	linear3	10000
1167	1168	linear3	10000
1168	1169	linear3	10000
1169	1170	linear3	10000
1170	1171	linear3	10000
1171	1172	linear3	10000
1172	1173	linear3	10000
1173	1174	linear3	10000
1174	1175	linear3	10000
1175	1176	linear3	10000
1176	1177	linear3	10000
1177	1178	linear3	10000
1178	1179	linear3	10000
1179	1180	linear3	10000
1180	1181	linear3	10000
1181	1182	linear3	10000
1182	1183	linear3	10000
1183	1184	linear3	10000
1184	1185	linear3	10000
1185	1186	linear3	10000
1186	1187	linear3	10000
1187	1188	linear3	10000
1188	1189	linear3	10000
1189	1190	linear3	10000
1190	1191	linear3	10000
1191	1192	linear3	10000
1192	1193	linear3	10000
1193	1194	linear3	10000
1194	1195	linear3	10000
1195	1196	linear3	10000
1196	1197	linear3	10000
1197	1198	linear3	10000
1198	1199	linear3	10000
1199	1200	linear3	10000
1200	1201	linear3	10000
1201	1202	linear3	10000
1202	1203	linear3	10000
1203	1204	linear3	10000
1204	1205	linear3	10000
1205	1206	linear3	10000
1206	1207	linear3	10000
1207	1208	linear3	10000
1208	1209	linear3	10000
1209	1210	linear3	10000
1210	1211	linear3	10000
1211	1212	linear3	10000
1212	1213	linear3	10000
1213	1214	linear3	10000
1214	1215	linear3	10000
1215	1216	linear3	10000
1216	1217	linear3	10000
1217	1218	linear3	10000
1218	1219	linear3	10000
1219	1220	linear3	10000
1220	1221	linear3	10000
1221	1222	linear3	10000
1222	1223	linear3	10000
1223	1224	linear3	10000
1224	1225	linear3	10000
1225	1226	linear3	10000
1226	1227	linear3	10000
1227	1228	linear3	10000
1228	1229	linear3	10000
1229	1230	linear3	10000
1230	1231	linear3	10000
1231	1232	linear3	10000
1232	1233	linear3	10000
1233	1234	linear3	10000
1234	1235	linear3	10000
1235	1236	linear3	10000
1236	1237	linear3	10000
1237	1238	linear3	10000
1238	1239	linear3	10000
1239	1240	linear3	10000
1240	1241	linear3	10000
1241	1242	linear3	10000
1242	1243	linear3	10000
1243	1244	linear3	10000
1244	1245	linear3	10000
1245	1246	linear3	10000
1246	1247	linear3	10000
1247	1248	linear3	10000
1248	1249	linear3	10000
1249	1250	linear3	10000
1250	1251	linear3	10000
1251	1252	linear3	10000
1252	1253	linear3	10000
1253	1254	linear3	10000
1254	1255	linear3	10000
1255	1256	linear3	10000
1256	1257	linear3	10000
1257	1258	linear3	10000
1000	1002	cis	134.02
1003	1005	cis	144.17
1004	1007	cis	153.253333333333
1006	1008	cis	238.193333333333
1016	1018	cis	250.1
1017	1019	cis	198.53
101	103	cis	118.46
1020	1022	cis	109.365
1021	1023	cis	112.36
1024	1026	cis	105.875
1027	1029	cis	117.8225
1028	1030	cis	113.5525
102	104	cis	240.34
1031	1033	cis	124.451428571429
1032	1034	cis	109.4675
1035	1037	cis	96.51
1036	1038	cis	137.113333333333
1039	1041	cis	102.577142857143
1040	1042	cis	88.145
1043	1045	cis	161.35
1044	1046	cis	108.34
1047	1049	cis	79.6942857142857
1048	1050	cis	108.277142857143
1051	1053	cis	182.404
1052	1054	cis	83.7725
1055	1057	cis	149.76
1056	1058	cis	162.24
1059	1061	cis	111.037142857143
105	107	cis	168.656
1060	1062	cis	116.294285714286
1063	1065	cis	98.5775
1064	1066	cis	109.0575
1067	1069	cis	120.32
1068	1070	cis	127.076666666667
106	108	cis	112.523333333333
1071	1073	cis	127.017142857143
1072	1074	cis	100.59
1075	1077	cis	128.723333333333
1076	1078	cis	146.031428571429
1079	1081	cis	130.368571428571
1080	1082	cis	108.343333333333
1083	1085	cis	135.114285714286
1084	1086	cis	114.693333333333
1087	1089	cis	102.845714285714
1088	1090	cis	128.191428571429
1091	1093	cis	126.38
1092	1094	cis	90.13
1095	1097	cis	114.205714285714
1096	1099	cis	65.02
1098	1100	cis	128.868571428571
109	111	cis	127.743333333333
10	12	cis	137.38
1101	1103	cis	118.02
1102	1104	cis	115.2775
1105	1107	cis	126.797142857143
1106	1109	cis	60.5875
1108	1110	cis	100.8175
110	112	cis	145.946666666667
1111	1113	cis	97.2775
1112	1114	cis	135.665
1115	1117	cis	154.7725
1116	1118	cis	146.5675
1127	1129	cis	191.0075
1128	1130	cis	187.188571428571
1131	1133	cis	159.034285714286
1132	1134	cis	127.114285714286
1135	1137	cis	128.548571428571
1136	1138	cis	121.0475
1139	1141	cis	121.3125
113	115	cis	152.228
1140	1143	cis	77.52
1142	1144	cis	122.926666666667
1145	1147	cis	153.153333333333
1146	1148	cis	120.165714285714
1149	1151	cis	124.637142857143
114	116	cis	166.452
1150	1152	cis	77.855
1153	1257	cis	2.61522857142857
1154	1156	cis	124.848571428571
1155	1157	cis	154.973333333333
1158	1160	cis	139.111428571429
1159	1161	cis	133.445714285714
1162	1164	cis	98.86
1163	1165	cis	137.76
1166	1168	cis	79.4825
1167	1169	cis	169.456
1170	1172	cis	106.874285714286
1171	1173	cis	145.148
1174	1176	cis	107.665714285714
1175	1177	cis	141.913333333333
1178	1180	cis	119.393333333333
1179	1181	cis	137.963333333333
117	119	cis	173.952
1182	1184	cis	107.733333333333
1183	1185	cis	117.348571428571
1186	1188	cis	115.193333333333
1187	1189	cis	176.076
118	120	cis	161.912
1190	1192	cis	128.98
1191	1193	cis	138.37
1194	1196	cis	136.703333333333
1195	1197	cis	150.9
1198	1200	cis	119.753333333333
1199	1201	cis	156.584
11	13	cis	134.516666666667
1202	1204	cis	173.266666666667
1203	1205	cis	142.356666666667
1206	1208	cis	163.928
1207	1209	cis	175.104
1210	1212	cis	104.794285714286
1211	1213	cis	181.865
1214	1216	cis	121.973333333333
1215	1217	cis	106.948571428571
1218	1220	cis	119.696666666667
1219	1221	cis	143.34
121	123	cis	168.056
1222	1224	cis	179.044
1223	1225	cis	103.957142857143
1226	1228	cis	158.9
1227	1229	cis	226.33
122	124	cis	189.624
1230	1232	cis	133.13
1231	1233	cis	136.162857142857
1234	1236	cis	135.35
1235	1237	cis	137.488571428571
1238	1240	cis	102.845
1239	1241	cis	192.728
1242	1244	cis	144.446666666667
1243	1245	cis	131.86
1246	1248	cis	126.885
1247	1249	cis	206.56
1250	1252	cis	120.4025
1251	1253	cis	148.177142857143
1254	1256	cis	285.605714285714
1255	1258	cis	119.1975
125	127	cis	152.5
126	128	cis	154.448
129	131	cis	177.624
130	132	cis	130.333333333333
133	135	cis	177.68
134	136	cis	224.255
137	139	cis	168.032
138	140	cis	168.292
141	143	cis	207.405
142	144	cis	201.764
145	147	cis	200.425
146	148	cis	202.71
149	151	cis	240.805
14	16	cis	137.9
150	152	cis	171.432
153	155	cis	178.72
154	156	cis	182.324
157	162	cis	114.404
158	160	cis	163.38
159	161	cis	210.315
15	17	cis	143.333333333333
163	165	cis	223.99
164	166	cis	159.448
167	169	cis	155.992
168	170	cis	226.9
171	173	cis	182.69
172	174	cis	200.425
175	177	cis	220.845
176	178	cis	217.1
179	181	cis	198.908
180	182	cis	266.39
183	185	cis	108.47
184	186	cis	166.452
187	189	cis	130.67
188	191	cis	120.468
18	20	cis	131.293333333333
190	192	cis	181.955
193	195	cis	120.502857142857
194	197	cis	156.156
196	331	cis	1.90068571428571
198	200	cis	211.695
199	201	cis	186.704
19	21	cis	148.686666666667
202	204	cis	158.8
203	205	cis	134.39
206	208	cis	175.424
207	209	cis	197.09
210	212	cis	122.586666666667
211	213	cis	150.666666666667
214	216	cis	210.765
215	217	cis	238.105
218	220	cis	252.43
219	221	cis	189.285
222	224	cis	186.845
223	225	cis	155.52
226	228	cis	161.74
227	229	cis	137.54
22	24	cis	117.223333333333
230	232	cis	144.72
231	234	cis	163.495
233	235	cis	178.535
236	238	cis	204.295
237	239	cis	165.252
23	25	cis	142.39
240	242	cis	158.356
241	243	cis	198.185
244	246	cis	93.4033333333333
245	247	cis	213.94
248	250	cis	171.552
249	251	cis	192.13
252	254	cis	122.914285714286
253	255	cis	101.22
256	258	cis	182.405
257	259	cis	137.212
260	262	cis	197.965
261	263	cis	183.73
264	266	cis	235.4
265	267	cis	149.536
268	270	cis	168.068
269	271	cis	151.384
26	28	cis	174.006666666667
272	274	cis	237.11
273	275	cis	149.044
276	278	cis	221.51
277	279	cis	223.81
27	29	cis	182.576666666667
280	282	cis	144.784
281	283	cis	225.7
284	286	cis	156.416
285	287	cis	186.06
288	290	cis	140.044
289	291	cis	170.752
292	294	cis	115.94
293	296	cis	73.9075
295	297	cis	93.8033333333333
298	300	cis	129.16
299	301	cis	104.456666666667
302	304	cis	180.26
303	305	cis	228.98
306	308	cis	149.272
307	309	cis	156.348
30	32	cis	167
310	312	cis	142.58
311	313	cis	153.16
314	316	cis	134.972
315	317	cis	114.605714285714
318	320	cis	167.176
319	321	cis	166.656
31	33	cis	162.04
322	324	cis	186.86
323	325	cis	112.353333333333
326	328	cis	136.31
327	329	cis	140.636666666667
330	332	cis	94.23
333	335	cis	135.817142857143
334	336	cis	144.648
337	339	cis	106.4825
338	340	cis	98.185
341	343	cis	82.8875
342	344	cis	125.99
345	347	cis	166.556
346	348	cis	112.417142857143
349	351	cis	113.011428571429
34	36	cis	131.85
350	352	cis	91.9775
353	355	cis	126.594285714286
354	356	cis	142.34
357	359	cis	166.466666666667
358	360	cis	125.204
35	38	cis	101.416666666667
361	363	cis	138.373333333333
362	364	cis	109.285
365	367	cis	96.9175
366	368	cis	110.565
369	371	cis	129.3425
370	373	cis	104.1
372	374	cis	158.7675
37	39	cis	165.43
380	382	cis	199.8575
381	384	cis	141.945
383	385	cis	127.68
386	388	cis	152.845
387	389	cis	188.46
390	392	cis	103.1975
391	393	cis	99.18
394	396	cis	95.9775
395	397	cis	113.795
398	400	cis	114.905714285714
399	401	cis	91.9275
402	404	cis	205.125
403	405	cis	117.837142857143
406	408	cis	143.376666666667
407	409	cis	123.5
40	42	cis	154.816666666667
410	412	cis	127.353333333333
411	413	cis	108.42
414	416	cis	160.488
415	417	cis	101.857142857143
418	420	cis	151.906666666667
419	421	cis	171.368
41	43	cis	161.213333333333
422	424	cis	108.728571428571
423	426	cis	88.6466666666667
425	427	cis	130.788571428571
428	430	cis	132.823333333333
429	431	cis	169.32
432	434	cis	229.715
433	435	cis	145.944
436	438	cis	139.233333333333
437	439	cis	170.744
440	442	cis	260.965
441	444	cis	102.684
443	445	cis	163.074285714286
446	448	cis	188.205
447	449	cis	170.12
44	46	cis	135.066666666667
450	452	cis	148.26
451	453	cis	159.243333333333
454	456	cis	210.155
455	457	cis	195.55
458	460	cis	221.545
459	461	cis	211.82
45	47	cis	135.26
462	464	cis	196.535
463	466	cis	188.46
465	467	cis	173.332
468	470	cis	241.185
469	471	cis	180.244
472	532	cis	4.9856
473	475	cis	271.465
474	476	cis	251.755
477	479	cis	201.98
478	480	cis	107.915
481	483	cis	219.685
482	484	cis	273.58
485	487	cis	217.995
486	488	cis	140.21
489	491	cis	141.303333333333
48	50	cis	170.48
490	492	cis	230.74
493	495	cis	123.694285714286
494	497	cis	93.66
496	498	cis	109.768571428571
499	501	cis	182.296
49	52	cis	98.13
500	502	cis	217.915
503	505	cis	201.505
504	506	cis	141.506666666667
507	509	cis	138.42
508	510	cis	196.71
511	513	cis	127.706666666667
512	514	cis	127.13
515	517	cis	117.586666666667
516	518	cis	135.572
519	521	cis	125.3
51	53	cis	152.256666666667
520	522	cis	105.397142857143
523	525	cis	162.433333333333
524	526	cis	150.43
527	529	cis	181.006666666667
528	530	cis	225.493333333333
531	533	cis	107.502857142857
534	536	cis	177.51
535	538	cis	110.033333333333
537	539	cis	168.56
540	542	cis	144.71
541	543	cis	151.21
544	546	cis	151.213333333333
545	548	cis	100.023333333333
547	549	cis	119.976666666667
54	56	cis	179.486666666667
550	552	cis	135.14
551	553	cis	180.61
554	556	cis	286.485714285714
555	557	cis	340.342857142857
55	57	cis	141.62
562	567	cis	87.6171428571429
563	565	cis	205.333333333333
564	566	cis	158.766666666667
568	570	cis	128.18
569	572	cis	91.0314285714286
571	573	cis	126.423333333333
574	576	cis	127.083333333333
575	577	cis	141.026666666667
578	580	cis	154.426666666667
579	581	cis	153.043333333333
582	584	cis	188.423333333333
583	585	cis	144.403333333333
586	588	cis	118.557142857143
587	589	cis	138.263333333333
58	60	cis	152.616666666667
590	592	cis	112.085714285714
591	593	cis	107.9425
594	596	cis	97.265
595	597	cis	131.505714285714
598	600	cis	136.576666666667
599	601	cis	160.25
59	61	cis	127.873333333333
602	604	cis	141.036666666667
603	605	cis	161.226666666667
606	608	cis	157.876666666667
607	609	cis	143.56
610	612	cis	144.26
611	613	cis	165.156
614	616	cis	179.16
615	617	cis	120.32
618	620	cis	88.0457142857143
619	621	cis	205.68
622	624	cis	113.245714285714
623	625	cis	109.928571428571
626	628	cis	110.297142857143
627	629	cis	117.951428571429
62	64	cis	146.25
630	632	cis	162.868
631	633	cis	197.39
634	636	cis	187.356
635	638	cis	101.685714285714
637	639	cis	183.904
63	65	cis	195.256
640	642	cis	106.646666666667
641	643	cis	110.354285714286
644	646	cis	107.803333333333
645	647	cis	147.724
648	650	cis	148.576666666667
649	651	cis	170.6
652	654	cis	170.76
653	655	cis	115.383333333333
656	658	cis	192.345
657	659	cis	193.324
660	662	cis	120.248571428571
661	663	cis	136.486666666667
664	666	cis	114.331428571429
665	667	cis	121.123333333333
668	670	cis	160.45
669	671	cis	88.2057142857143
672	674	cis	124.28
673	675	cis	93.6025
676	678	cis	111.96
677	680	cis	95.8257142857143
679	681	cis	130.091428571429
67	69	cis	137.086666666667
682	684	cis	97.1142857142857
683	685	cis	93.8571428571429
686	688	cis	122.165714285714
687	689	cis	141.133333333333
68	70	cis	157.73
690	692	cis	202.73
691	693	cis	153.603333333333
694	696	cis	114.445714285714
695	697	cis	126.446666666667
698	700	cis	97.6525
699	701	cis	117.463333333333
6	8	cis	158.266666666667
702	704	cis	92.405
703	705	cis	109.905714285714
706	708	cis	89.5971428571429
707	709	cis	129.437142857143
710	712	cis	128.685714285714
711	713	cis	103.89
714	716	cis	139.7175
715	717	cis	128.815
71	73	cis	160.036666666667
724	726	cis	224.2625
725	727	cis	144.395
728	730	cis	140.245
729	731	cis	134.0975
72	74	cis	203.468
732	737	cis	72.9225
733	735	cis	104.39
734	736	cis	130.8675
738	740	cis	133.988571428571
739	741	cis	130.265
742	745	cis	95.8266666666667
743	747	cis	166.52
744	746	cis	135.382857142857
748	750	cis	147.416666666667
749	751	cis	102.4975
752	754	cis	99.9
753	755	cis	99.695
756	758	cis	108.97
757	759	cis	121.0725
75	77	cis	160.204
760	762	cis	141.76
761	763	cis	118.408571428571
764	766	cis	160.206666666667
765	767	cis	156.473333333333
768	770	cis	156.966666666667
769	771	cis	331.695
76	78	cis	138.03
772	774	cis	243.4
773	775	cis	313.265
776	778	cis	181.888
777	779	cis	190.26
780	782	cis	125.403333333333
781	783	cis	127.188571428571
784	786	cis	183.245
785	787	cis	151.126666666667
788	790	cis	156.808
789	791	cis	178.248
792	794	cis	120.676666666667
793	795	cis	151.2
796	798	cis	156.33
797	799	cis	198.865
79	81	cis	150.87
7	9	cis	195.74
800	802	cis	124.233333333333
801	803	cis	156.972
804	806	cis	122.266666666667
805	808	cis	142.63
807	809	cis	155.808
80	82	cis	182.284
810	812	cis	139.423333333333
811	813	cis	127.206666666667
814	816	cis	149.406666666667
815	818	cis	125.84
817	819	cis	131.956666666667
820	822	cis	150.956666666667
821	823	cis	128.033333333333
824	826	cis	140.266666666667
825	828	cis	102.65
827	829	cis	133.853333333333
830	832	cis	115.376666666667
831	833	cis	151.943333333333
834	836	cis	149.09
835	838	cis	94.6366666666667
837	839	cis	136.833333333333
83	85	cis	145.843333333333
840	842	cis	136.14
841	843	cis	143.18
844	846	cis	143.096666666667
845	847	cis	128.386666666667
848	850	cis	122.603333333333
849	851	cis	121.326666666667
84	87	cis	131.22
852	854	cis	125.385714285714
853	855	cis	164.332
856	858	cis	118.396666666667
857	859	cis	127.12
860	862	cis	103.586666666667
861	863	cis	140.843333333333
864	866	cis	132.606666666667
865	867	cis	145.343333333333
868	870	cis	148.912
869	871	cis	132.8
86	88	cis	198.144
872	874	cis	170.104
873	875	cis	139.093333333333
876	878	cis	157.808
877	879	cis	136.326666666667
880	882	cis	135.206666666667
881	883	cis	136.15
884	886	cis	153.3
887	889	cis	146.256666666667
888	890	cis	159.943333333333
891	893	cis	161.906666666667
892	894	cis	165.886666666667
895	897	cis	150.57
896	898	cis	147.553333333333
899	901	cis	128.133333333333
89	91	cis	155.283333333333
900	902	cis	124.49
903	905	cis	140.013333333333
904	906	cis	155.806666666667
907	909	cis	149.503333333333
908	911	cis	86.3166666666667
90	92	cis	160.393333333333
910	912	cis	122.883333333333
913	915	cis	191.823333333333
914	916	cis	123.943333333333
917	919	cis	151.873333333333
918	920	cis	150.216666666667
921	923	cis	166.28
922	924	cis	156.143333333333
925	927	cis	139.476666666667
926	928	cis	146.286666666667
929	931	cis	138.546666666667
930	932	cis	170.63
933	935	cis	160.653333333333
934	936	cis	142.536666666667
937	939	cis	140.06
938	940	cis	147.496666666667
93	95	cis	118.366666666667
941	943	cis	146.97
942	944	cis	138.66
945	947	cis	122.266666666667
946	949	cis	135.043333333333
948	950	cis	141.916666666667
94	96	cis	143.436666666667
951	953	cis	158.57
952	954	cis	140.866666666667
955	957	cis	139.486666666667
956	958	cis	144.136666666667
959	961	cis	140.81
960	962	cis	157.203333333333
963	965	cis	174.15
964	966	cis	142.79
967	969	cis	159.51
968	970	cis	138.793333333333
971	973	cis	140.246666666667
972	974	cis	142.94
975	977	cis	147.456666666667
976	978	cis	163.9
979	981	cis	145.113333333333
97	99	cis	172.948
980	982	cis	142.388571428571
983	985	cis	140.52
984	986	cis	159.153333333333
987	989	cis	153.283333333333
988	990	cis	184.756666666667
98	100	cis	168.532
991	993	cis	202.91
992	994	cis	174.69
995	997	cis	131.666666666667
996	998	cis	136.906666666667
999	1001	cis	141.853333333333
100	861	trans	1.77384
101	900	trans	1.93813333333333
102	1244	trans	1.89768
103	884	trans	2.02906666666667
104	885	trans	2.2441
105	916	trans	1.6854
106	960	trans	2.12956666666667
107	883	trans	2.33192
108	912	trans	1.78356666666667
109	951	trans	1.78843333333333
10	567	trans	22.5996666666667
110	931	trans	1.75446666666667
111	943	trans	2.22076666666667
112	924	trans	1.79993333333333
113	848	trans	2.208
114	824	trans	1.8762
115	940	trans	1.87453333333333
116	908	trans	1.8321
117	603	trans	1.83196
118	814	trans	1.83012
119	910	trans	1.74136666666667
119	935	trans	1.66136666666667
11	1002	trans	14.059
11	1003	trans	14.6926666666667
120	877	trans	1.93693333333333
120	907	trans	1.87436666666667
121	903	trans	2.10473333333333
122	929	trans	1.92884
123	1232	trans	1.8212
124	952	trans	2.0418
125	887	trans	1.582
126	918	trans	1.69268
127	927	trans	1.8097
128	863	trans	1.71473333333333
129	838	trans	1.69243333333333
12	1002	trans	11.307
12	999	trans	9.84333333333333
130	867	trans	1.85806666666667
131	623	trans	1.6529
132	641	trans	1.30671428571429
132	872	trans	1.76384
133	654	trans	1.62932
134	810	trans	1.83116
135	796	trans	1.9876
136	820	trans	2.28608
137	858	trans	1.67376666666667
138	905	trans	2.20596
139	841	trans	2.10216
13	1001	trans	10.4133333333333
140	891	trans	1.64813333333333
141	850	trans	1.70224
142	889	trans	2.40144
143	925	trans	1.7268
144	892	trans	1.94643333333333
145	933	trans	1.94796
146	854	trans	2.49426666666667
147	1204	trans	1.82864
148	836	trans	1.90588
149	1243	trans	1.80232
14	569	trans	10.24
150	895	trans	1.58486666666667
151	926	trans	1.99568
152	890	trans	1.66772
153	813	trans	1.75456
154	928	trans	1.78563333333333
155	874	trans	2.21263333333333
156	831	trans	1.7602
157	930	trans	1.99563333333333
158	944	trans	2.16428
159	860	trans	2.24516
15	1000	trans	10.2393333333333
160	1252	trans	1.66008571428571
160	877	trans	1.86586666666667
161	837	trans	2.12144
162	823	trans	1.8184
163	857	trans	2.12832
164	862	trans	1.80008
165	616	trans	2.22244
166	834	trans	1.70873333333333
166	854	trans	2.13977142857143
167	835	trans	1.93828
168	899	trans	1.82408
169	638	trans	1.49493333333333
169	852	trans	1.47526666666667
16	576	trans	5.50033333333333
170	911	trans	1.78324
171	620	trans	2.07464
172	821	trans	2.11264
173	599	trans	1.91588
174	592	trans	1.64873333333333
175	600	trans	1.5553
176	595	trans	1.62346666666667
177	1256	trans	2.378
178	1224	trans	1.83984
179	875	trans	1.75086666666667
17	997	trans	6.42433333333333
180	1237	trans	1.4906
181	793	trans	1.80896
182	852	trans	1.58296
183	870	trans	2.02953333333333
184	1034	trans	1.5142
185	1023	trans	1.6002
185	841	trans	1.8066
186	802	trans	4.271
187	1236	trans	1.7921
187	937	trans	1.98183333333333
188	794	trans	2.19292
189	1026	trans	1.57585714285714
189	911	trans	1.71536666666667
18	991	trans	3.843
18	999	trans	5.78966666666667
190	827	trans	1.82544
191	1029	trans	1.58428571428571
191	860	trans	1.9986
192	907	trans	1.78276
193	606	trans	1.64103333333333
193	913	trans	1.8088
194	864	trans	1.9113
195	1248	trans	1.4261
195	945	trans	2.0228
196	1111	trans	2.86514285714286
196	906	trans	2.21863333333333
197	1253	trans	2.22384
198	878	trans	1.83488
199	873	trans	2.3489
19	994	trans	5.06133333333333
200	829	trans	1.86428
201	1234	trans	1.61292
202	866	trans	1.69196666666667
203	1219	trans	2.04116666666667
204	1016	trans	1.77066666666667
205	855	trans	2.29663333333333
205	914	trans	1.78173333333333
206	604	trans	2.13072
207	1226	trans	1.863
208	650	trans	1.6665
209	1254	trans	1.9372
20	996	trans	5.224
210	1054	trans	1.37931428571429
210	862	trans	1.65393333333333
211	1033	trans	1.9196
211	1158	trans	1.974325
211	922	trans	2.26274285714286
212	856	trans	2.04906666666667
213	1248	trans	1.3845
214	679	trans	1.67046666666667
215	842	trans	2.05824
216	1251	trans	2.10826666666667
217	1030	trans	1.44926666666667
218	881	trans	1.95196
219	1246	trans	1.7748
21	998	trans	5.49366666666667
220	1020	trans	1.9005
221	904	trans	1.78988
222	792	trans	1.7474
223	629	trans	1.74812
224	1230	trans	1.9144
225	1094	trans	4.61857142857143
226	897	trans	1.96836
227	894	trans	1.8744
228	969	trans	1.87893333333333
229	1239	trans	1.65148571428571
229	817	trans	2.02428571428571
22	987	trans	3.372
230	1022	trans	1.50893333333333
231	591	trans	2.18823333333333
232	1242	trans	1.5788
232	831	trans	1.6143
233	1047	trans	2.24393333333333
234	826	trans	1.80816
235	789	trans	1.73328
236	1028	trans	1.63303333333333
237	1202	trans	1.6364
237	1225	trans	2.02845714285714
238	847	trans	1.82116
239	804	trans	1.71672
23	992	trans	3.85033333333333
240	1018	trans	1.66883333333333
241	1206	trans	2.03908
242	896	trans	1.72023333333333
243	1017	trans	1.74036666666667
244	1021	trans	1.321725
244	1241	trans	1.72586666666667
244	868	trans	1.52593333333333
245	1218	trans	1.91256
246	1228	trans	1.86652
247	1027	trans	1.50936666666667
248	941	trans	1.6929
249	1225	trans	2.23596666666667
24	988	trans	3.48466666666667
250	674	trans	1.84616666666667
251	1221	trans	1.83196
252	1213	trans	1.73193333333333
252	803	trans	1.75531428571429
253	1231	trans	1.40185
253	822	trans	1.67048571428571
254	846	trans	1.6174
255	898	trans	1.7797
256	811	trans	1.98656
257	1164	trans	2.16416666666667
258	1044	trans	2.04866666666667
259	825	trans	1.67643333333333
25	964	trans	3.16143333333333
260	1066	trans	2.0042
261	1061	trans	1.85766666666667
262	809	trans	1.98388
263	830	trans	1.76172
264	816	trans	2.0042
265	1194	trans	1.9136
266	1036	trans	2.24366666666667
267	1182	trans	1.70396666666667
267	859	trans	1.9541
268	1240	trans	1.6099
269	1183	trans	1.39251428571429
269	848	trans	1.92403333333333
26	989	trans	3.15123333333333
270	655	trans	1.64414285714286
270	893	trans	1.98456666666667
271	1080	trans	1.90048
272	1060	trans	1.65063333333333
273	806	trans	1.76696666666667
274	683	trans	1.6451
275	1170	trans	2.1118
276	1068	trans	1.93896
277	749	trans	1.7019
278	657	trans	1.91492
279	756	trans	1.85466666666667
27	586	trans	3.11786666666667
280	763	trans	2.05988
281	1058	trans	1.78596
282	1076	trans	1.65786666666667
282	845	trans	1.7714
283	662	trans	1.7555
284	1062	trans	1.9212
285	1078	trans	1.62
286	1223	trans	1.7979
287	765	trans	1.99284
288	664	trans	1.7122
288	816	trans	1.747
289	1205	trans	2.48496
28	993	trans	3.60833333333333
290	1239	trans	2.19756
291	1067	trans	2.71443333333333
292	1209	trans	1.876
292	1233	trans	2.0231
293	1230	trans	1.45111428571429
293	785	trans	1.63451428571429
293	837	trans	1.6034
294	1216	trans	2.21648
295	1033	trans	1.865
295	1216	trans	1.77397142857143
295	832	trans	1.79617142857143
296	1234	trans	1.41351428571429
296	833	trans	2.27622857142857
297	1196	trans	2.24472
298	649	trans	1.65142857142857
298	883	trans	2.24966666666667
299	1227	trans	1.77576666666667
299	752	trans	1.494025
299	836	trans	1.38851428571429
29	974	trans	2.3258
29	991	trans	2.70016666666667
300	1176	trans	1.88573333333333
301	1192	trans	2.42912
302	767	trans	2.13132
303	1072	trans	2.09596666666667
304	680	trans	1.76773333333333
305	1167	trans	2.03772
306	1065	trans	2.20443333333333
307	1168	trans	1.7818
308	711	trans	2.21685714285714
308	830	trans	1.74113333333333
309	1088	trans	2.10036666666667
309	814	trans	1.76406666666667
30	961	trans	2.89446666666667
310	746	trans	1.78746666666667
311	673	trans	2.09763333333333
312	1204	trans	1.6806
312	660	trans	1.67242857142857
312	784	trans	1.9241
313	1058	trans	1.97013333333333
313	1161	trans	1.81194285714286
314	1063	trans	1.9579
315	1211	trans	2.2574
315	761	trans	1.81442857142857
316	1198	trans	1.89956666666667
317	1081	trans	2.13725714285714
317	1194	trans	1.85788571428571
317	835	trans	1.62202857142857
318	698	trans	1.8526
319	678	trans	1.76365714285714
319	805	trans	2.29912
31	971	trans	3.32056666666667
31	978	trans	3.04606666666667
320	1180	trans	2.02571428571429
321	1079	trans	2.0893
322	675	trans	1.9287
323	751	trans	2.27493333333333
324	1184	trans	2.51508
325	1076	trans	2.16754285714286
325	1091	trans	2.18094285714286
325	827	trans	1.63522857142857
326	1185	trans	2.50108
327	1187	trans	2.63552
327	759	trans	2.04234285714286
328	1065	trans	1.91795
328	1148	trans	1.8298
328	790	trans	1.69622857142857
329	1102	trans	2.1478
329	789	trans	2.25446666666667
32	977	trans	3.07126666666667
330	1189	trans	1.95451428571429
330	824	trans	1.38051428571429
331	1179	trans	2.02697142857143
331	730	trans	2.3147
331	791	trans	1.9938
332	1151	trans	2.002725
332	1191	trans	2.1402
332	635	trans	1.57225
333	1103	trans	2.1333
333	1218	trans	1.66148571428571
333	779	trans	2.39136666666667
334	696	trans	2.22302857142857
334	818	trans	2.0446
335	735	trans	2.84337142857143
335	797	trans	2.38724
336	712	trans	2.3697
337	1074	trans	2.3429
337	782	trans	2.06665714285714
338	1172	trans	3.30975
338	769	trans	3.26736666666667
339	1082	trans	2.22685714285714
339	664	trans	1.60275
33	915	trans	2.505
340	1177	trans	2.00385714285714
340	706	trans	2.0434
340	788	trans	1.94823333333333
341	1200	trans	1.9808
341	686	trans	2.092225
341	813	trans	1.88534285714286
342	1063	trans	1.57885
342	658	trans	2.07756666666667
342	762	trans	2.28148571428571
343	1071	trans	1.84885
343	1092	trans	2.2329
343	795	trans	2.05136666666667
344	1141	trans	2.8139
345	703	trans	2.8566
345	801	trans	2.08216
346	1181	trans	1.95108571428571
346	743	trans	2.6358
346	776	trans	1.69606666666667
347	1143	trans	3.01446666666667
348	1054	trans	1.60797142857143
348	1108	trans	3.18142857142857
349	1072	trans	2.195925
349	1136	trans	2.83175
349	770	trans	2.070225
34	972	trans	2.80883333333333
350	1078	trans	1.590325
350	702	trans	2.53775
350	756	trans	2.0409
351	1075	trans	2.48076666666667
351	1142	trans	2.93285714285714
352	1138	trans	2.60475
352	1196	trans	1.85994285714286
352	749	trans	2.114075
353	1081	trans	2.75206666666667
353	1106	trans	3.196
354	1112	trans	3.419
355	1068	trans	1.92134285714286
355	1139	trans	2.816
355	755	trans	2.07945
356	1095	trans	4.091
356	761	trans	2.008075
357	1137	trans	2.90914285714286
357	759	trans	2.15411428571429
358	1084	trans	2.73408571428571
358	713	trans	3.60771428571429
359	1140	trans	3.60028571428571
359	764	trans	2.49926666666667
35	967	trans	2.6736
360	716	trans	5.20833333333333
361	1114	trans	4.53733333333333
362	1093	trans	2.0762
362	1134	trans	4.02085714285714
362	783	trans	1.836125
363	1139	trans	3.651
363	732	trans	3.41525
363	742	trans	3.49033333333333
364	1135	trans	4.89657142857143
364	1142	trans	3.701
364	757	trans	2.4653
365	1100	trans	2.79225
365	715	trans	4.80175
365	763	trans	1.98374285714286
366	1116	trans	5.9375
366	1136	trans	4.71225
366	740	trans	4.047
367	1143	trans	3.95275
367	729	trans	5.39625
367	736	trans	4.475
368	1113	trans	5.72
368	1140	trans	3.759
368	748	trans	2.9387
369	1132	trans	6.659
369	1141	trans	3.979
369	765	trans	2.06211428571429
36	950	trans	2.44226666666667
36	978	trans	2.7782
370	1117	trans	7.63325
370	1137	trans	5.19875
370	733	trans	4.997
371	1135	trans	5.98571428571429
371	728	trans	7.518
371	735	trans	4.8145
372	1130	trans	10.94
372	732	trans	5.258
373	1134	trans	8.75942857142857
373	726	trans	13.952
373	730	trans	7.22575
374	1131	trans	12.9397142857143
374	724	trans	16.0135
374	767	trans	4.34485714285714
37	947	trans	2.21976666666667
380	1024	trans	17.56025
380	726	trans	15.65575
381	1128	trans	18.31625
381	725	trans	17.444
382	1127	trans	15.2985
382	1129	trans	13.45625
382	729	trans	8.87225
383	1118	trans	10.43075
383	1133	trans	7.9205
383	728	trans	8.041
384	1112	trans	5.569
384	725	trans	11.55325
384	743	trans	3.34057142857143
385	1132	trans	7.3555
385	727	trans	9.78475
386	1108	trans	4.24375
386	1129	trans	8.48125
386	731	trans	5.9515
387	1115	trans	5.91285714285714
387	734	trans	5.75514285714286
388	1173	trans	2.555
388	734	trans	5.272
388	768	trans	2.69753333333333
389	714	trans	5.46133333333333
38	986	trans	3.01673333333333
390	1098	trans	2.62345714285714
390	717	trans	4.06
390	744	trans	3.04714285714286
391	1102	trans	2.9095
391	1131	trans	4.85942857142857
391	794	trans	1.99622857142857
392	1087	trans	2.22274285714286
392	731	trans	3.15925
392	739	trans	3.17225
393	1192	trans	1.93437142857143
393	736	trans	3.663
393	754	trans	2.76325
394	1206	trans	1.87645714285714
394	741	trans	3.03525
394	746	trans	2.57625
395	1090	trans	2.20645
395	733	trans	3.357
395	751	trans	2.3213
396	1096	trans	2.52925
396	1133	trans	3.443
396	741	trans	2.98125
397	1069	trans	2.18768571428571
397	737	trans	2.9765
397	786	trans	2.15333333333333
398	747	trans	2.75103333333333
399	1110	trans	2.7155
399	1167	trans	2.16577142857143
399	778	trans	2.2542
39	933	trans	2.17916666666667
39	971	trans	2.90573333333333
400	1203	trans	1.95668571428571
400	740	trans	2.99575
400	762	trans	2.2728
401	1091	trans	2.53025714285714
401	739	trans	3.1475
401	815	trans	1.78845714285714
402	744	trans	3.95004
403	1193	trans	1.78968571428571
403	753	trans	2.55525
403	766	trans	2.25545714285714
404	1109	trans	2.92353333333333
405	1150	trans	2.12705714285714
405	1190	trans	2.20293333333333
406	1080	trans	2.12542857142857
406	879	trans	2.7174
407	1079	trans	1.94017142857143
407	1101	trans	2.5676
408	1093	trans	2.4391
409	1099	trans	2.031025
409	1202	trans	1.98351428571429
409	807	trans	1.6883
40	959	trans	2.07603333333333
410	1105	trans	2.5888
411	1182	trans	1.82062857142857
411	745	trans	2.0575
411	777	trans	1.9827
412	1090	trans	1.859175
412	1171	trans	2.1998
412	823	trans	1.62997142857143
413	1188	trans	1.91894285714286
413	738	trans	2.19411428571429
413	834	trans	1.4984
414	1104	trans	2.07237142857143
414	1178	trans	2.65584
415	1215	trans	1.95594285714286
415	757	trans	2.05855
415	828	trans	1.6568
416	754	trans	2.54756666666667
417	755	trans	2.03008571428571
417	792	trans	2.1271
418	1096	trans	2.09806666666667
419	1085	trans	2.16442857142857
419	1222	trans	2.00596
41	962	trans	2.6255
420	1034	trans	1.7441
420	1077	trans	2.2912
420	811	trans	1.73328571428571
421	1083	trans	2.57996
422	1089	trans	1.964325
422	1229	trans	1.61403333333333
422	785	trans	1.88808571428571
423	1166	trans	1.74594285714286
423	1209	trans	1.91603333333333
424	1224	trans	1.9746
424	709	trans	5.362
425	1171	trans	1.96102857142857
425	1199	trans	1.85485714285714
425	855	trans	2.12491428571429
426	1084	trans	2.06862857142857
426	1221	trans	2.28813333333333
427	1152	trans	1.87294285714286
427	1210	trans	1.71693333333333
428	663	trans	1.60665714285714
428	798	trans	1.9103
429	1175	trans	2.13906666666667
429	819	trans	1.97246666666667
42	963	trans	2.24456666666667
42	990	trans	2.52636666666667
430	1100	trans	2.04694285714286
430	1207	trans	2.03952
431	704	trans	1.88623333333333
432	1075	trans	2.52324
433	1070	trans	2.3374
434	1156	trans	1.75616666666667
435	700	trans	1.60354285714286
435	808	trans	2.15148
436	1255	trans	1.60945
436	766	trans	1.89405714285714
436	844	trans	1.61677142857143
437	832	trans	1.87833333333333
437	842	trans	1.73086666666667
438	636	trans	2.04036
439	1179	trans	2.66524
43	946	trans	2.11596666666667
440	1057	trans	1.99872
441	1231	trans	1.8244
442	1064	trans	1.929
443	1232	trans	1.87302857142857
443	646	trans	1.758225
443	821	trans	2.0492
444	1087	trans	2.27826666666667
444	910	trans	1.79673333333333
445	1049	trans	2.0417
446	1069	trans	2.40052
447	1040	trans	2.4892
448	782	trans	2.21952
449	1191	trans	1.85608
44	975	trans	2.53656666666667
450	812	trans	2.26933333333333
451	1188	trans	2.2048
452	1195	trans	2.00288
453	1023	trans	1.508025
453	780	trans	1.80842857142857
454	626	trans	2.02
455	684	trans	1.62703333333333
456	1052	trans	1.83753333333333
457	1217	trans	1.90256666666667
458	1046	trans	1.7635
459	781	trans	1.99916
45	939	trans	2.49273333333333
460	750	trans	1.743
461	1050	trans	1.63036666666667
462	1190	trans	2.17428
463	1032	trans	1.61413333333333
464	1200	trans	2.4666
465	800	trans	2.20263333333333
466	1177	trans	2.04856
467	1055	trans	1.87332
468	787	trans	2.15688
469	865	trans	2.0362
46	820	trans	2.43916666666667
46	979	trans	2.70273333333333
470	1042	trans	1.59566666666667
471	1071	trans	1.49483333333333
472	642	trans	1.54736666666667
473	1245	trans	1.88848
474	1199	trans	2.15584
475	1193	trans	2.03464
476	1250	trans	1.609
477	1025	trans	1.98928
478	1212	trans	1.51915
478	1246	trans	1.5909
478	809	trans	1.71274285714286
479	1215	trans	2.34928
47	954	trans	1.95203333333333
480	1214	trans	1.99248571428571
480	889	trans	2.11342857142857
481	783	trans	1.39596666666667
482	1037	trans	1.56896666666667
483	1233	trans	2.40124
484	637	trans	1.73384
485	670	trans	1.3765
486	1235	trans	1.37962857142857
486	881	trans	1.49468571428571
487	1045	trans	1.62733333333333
488	758	trans	1.7175
489	1238	trans	1.66482857142857
48	957	trans	2.38313333333333
48	974	trans	2.20266666666667
490	815	trans	2.01888
491	840	trans	1.94013333333333
492	1210	trans	1.83428
493	882	trans	2.13413333333333
494	1203	trans	1.53683333333333
494	850	trans	1.61983333333333
495	1039	trans	1.56508571428571
495	970	trans	1.569
496	1220	trans	1.86937142857143
496	857	trans	1.70397142857143
497	630	trans	1.86783333333333
497	847	trans	1.83733333333333
498	897	trans	1.65633333333333
498	913	trans	1.7075
499	790	trans	1.80846666666667
499	829	trans	1.67693333333333
49	979	trans	2.57096666666667
49	980	trans	2.05337142857143
500	798	trans	1.88604
501	828	trans	2.08316
502	622	trans	1.54323333333333
503	1035	trans	2.39943333333333
504	839	trans	1.92453333333333
505	1019	trans	1.40486666666667
506	1249	trans	1.7278
506	888	trans	1.8318
507	613	trans	1.6293
508	618	trans	1.93296666666667
509	590	trans	1.8228
50	956	trans	2.43053333333333
50	970	trans	2.1104
510	628	trans	2.17166666666667
511	778	trans	1.6739
511	878	trans	1.7079
512	845	trans	1.71943333333333
512	885	trans	1.95996
513	843	trans	1.84736666666667
514	617	trans	1.90296666666667
515	583	trans	1.9264
515	899	trans	1.68846666666667
516	615	trans	1.56611428571429
516	904	trans	1.55246666666667
517	627	trans	2.00014285714286
518	859	trans	2.22728
519	585	trans	2.25906666666667
51	973	trans	2.5597
520	1030	trans	1.795275
520	584	trans	2.76177142857143
521	625	trans	1.95236666666667
521	826	trans	1.9297
522	589	trans	2.33146666666667
523	607	trans	1.82953333333333
524	1174	trans	1.72833333333333
524	876	trans	1.79252
525	614	trans	1.88772
525	819	trans	1.66733333333333
526	602	trans	1.58173333333333
526	886	trans	1.80224
527	588	trans	1.80551428571429
528	1256	trans	2.121075
528	581	trans	2.40977142857143
529	612	trans	1.82096666666667
52	914	trans	2.34396666666667
52	966	trans	2.5744
530	906	trans	2.23228
531	580	trans	2.44926666666667
531	587	trans	1.93846666666667
532	611	trans	2.02052
532	770	trans	2.10174285714286
533	1041	trans	1.74235
533	582	trans	1.76177142857143
534	578	trans	3.2971
535	593	trans	1.6072
535	918	trans	1.83386666666667
536	610	trans	2.04686666666667
537	1257	trans	4.38314285714286
537	583	trans	2.51263333333333
538	579	trans	3.1762
539	582	trans	2.3629
539	587	trans	2.40146666666667
53	968	trans	2.72826666666667
540	574	trans	4.17066666666667
541	577	trans	4.669
542	580	trans	3.27393333333333
542	990	trans	3.06866666666667
543	995	trans	4.192
544	575	trans	6.118
545	572	trans	8.67966666666667
546	573	trans	8.07666666666667
547	571	trans	10.296
548	568	trans	9.60514285714286
549	570	trans	12.1303333333333
54	981	trans	2.14076666666667
54	982	trans	2.0077
550	564	trans	23.55
551	566	trans	29.353
552	565	trans	36.4633333333333
553	562	trans	35.9857142857143
554	563	trans	35.45
555	1004	trans	26.3466666666667
556	1257	trans	10.35625
556	772	trans	10.5768571428571
557	1003	trans	14.6702857142857
557	1258	trans	15.66475
55	597	trans	2.03296666666667
562	1240	trans	1.6806
568	1244	trans	1.92957142857143
569	1250	trans	1.37075
56	936	trans	2.05536666666667
57	926	trans	1.9742
57	982	trans	2.17603333333333
588	1018	trans	1.44485
58	921	trans	2.4948
58	922	trans	2.60176666666667
591	1051	trans	2.06965714285714
591	1253	trans	1.86965714285714
592	1021	trans	1.43835
592	1249	trans	1.63137142857143
593	1016	trans	1.71975
594	1052	trans	1.8585
595	1036	trans	1.769275
596	1017	trans	1.865775
598	1250	trans	1.6393
599	1030	trans	1.66288571428571
59	983	trans	2.24894285714286
59	984	trans	3.63533333333333
600	1048	trans	1.4326
601	1032	trans	1.95302857142857
602	1020	trans	1.68202857142857
603	1246	trans	1.59465714285714
604	1022	trans	1.78657142857143
606	1252	trans	1.49662857142857
608	1026	trans	1.64208571428571
609	1237	trans	1.75282857142857
60	985	trans	2.96856666666667
615	1029	trans	1.721625
616	1094	trans	4.50428571428571
618	1212	trans	2.103975
619	1033	trans	2.06793333333333
61	953	trans	1.93063333333333
620	1023	trans	1.66571428571429
621	1238	trans	1.7054
622	1037	trans	1.645775
623	1217	trans	1.429075
624	1046	trans	1.63754285714286
625	1181	trans	1.81203333333333
626	1040	trans	1.72802857142857
627	1027	trans	1.819925
628	1059	trans	2.08168571428571
629	1031	trans	1.84443333333333
62	869	trans	1.80856666666667
630	1034	trans	1.59705714285714
631	1073	trans	2.06104
632	1047	trans	1.9482
633	1063	trans	1.83606666666667
634	1071	trans	1.7949
635	1236	trans	1.60031428571429
636	1172	trans	1.56888571428571
637	1066	trans	2.33888571428571
638	1044	trans	1.72642857142857
639	1166	trans	1.85126666666667
63	983	trans	2.09706666666667
640	1168	trans	1.76163333333333
641	1045	trans	1.5407
642	1041	trans	1.66445
642	1197	trans	1.8852
643	1024	trans	2.38731428571429
643	1062	trans	2.11676666666667
644	1074	trans	2.06953333333333
645	1054	trans	1.8541
646	1019	trans	1.751225
647	1025	trans	2.405
648	1042	trans	1.84605714285714
649	1028	trans	1.5766
64	976	trans	2.42076666666667
651	1056	trans	2.09216
652	1225	trans	1.9935
653	1240	trans	1.87293333333333
654	1050	trans	1.69014285714286
655	1020	trans	1.5687
655	1163	trans	1.88374285714286
656	1180	trans	1.87386666666667
657	1018	trans	1.64391428571429
659	1100	trans	1.9843
65	948	trans	2.37183333333333
660	1072	trans	1.69797142857143
661	1061	trans	1.9669
662	1057	trans	1.49431428571429
662	1255	trans	1.5843
663	1165	trans	2.01388571428571
663	1242	trans	1.5622
664	1060	trans	1.640025
665	1027	trans	1.91231428571429
665	1201	trans	2.2472
666	1021	trans	1.80568571428571
666	1105	trans	2.03188571428571
667	1186	trans	2.06126666666667
668	1085	trans	2.09723333333333
669	1038	trans	1.926
66	932	trans	2.33588
670	1031	trans	1.60482857142857
670	1060	trans	1.51175
671	1084	trans	1.96574285714286
671	1228	trans	1.7734
672	1099	trans	2.07114285714286
672	1247	trans	1.93236
673	1104	trans	2.033975
673	1245	trans	1.62477142857143
674	1044	trans	1.64165
674	1095	trans	1.962625
675	1050	trans	1.5393
675	1102	trans	1.68465
676	1090	trans	1.83657142857143
676	1169	trans	2.45068
677	1164	trans	2.99971428571429
678	1136	trans	2.207025
678	1170	trans	2.32422857142857
679	1176	trans	1.99715
67	596	trans	1.62405714285714
67	861	trans	1.68623333333333
680	1035	trans	2.09205
680	1152	trans	2.2473
681	1064	trans	2.07957142857143
682	1097	trans	2.32013333333333
682	1252	trans	1.91157142857143
683	1061	trans	2.3011
683	1150	trans	3.0205
684	1055	trans	1.93845714285714
684	1154	trans	3.19685714285714
685	1096	trans	2.83694285714286
685	1165	trans	3.43066666666667
686	1159	trans	4.39228571428571
686	1251	trans	2.487525
687	1151	trans	2.6308
687	1168	trans	2.32737142857143
688	1160	trans	4.81266666666667
689	1156	trans	5.566
689	1159	trans	6.41333333333333
68	949	trans	1.99556666666667
690	1157	trans	9.24133333333333
691	1155	trans	6.356
692	1161	trans	4.05142857142857
693	1162	trans	4.47
694	1146	trans	4.21033333333333
694	1156	trans	4.986
695	1153	trans	4.99866666666667
695	1154	trans	5.167
696	1070	trans	2.2974
696	1148	trans	3.23325
697	1140	trans	3.48285714285714
697	1163	trans	3.25786666666667
698	1051	trans	2.49642857142857
698	1149	trans	3.87114285714286
699	1137	trans	4.19257142857143
699	1148	trans	4.22257142857143
69	901	trans	2.31036666666667
6	1005	trans	34.5966666666667
700	1138	trans	3.62625
700	1152	trans	3.4555
701	1141	trans	4.268
701	1149	trans	5.02166666666667
702	1139	trans	3.4495
702	1150	trans	4.0115
703	1143	trans	4.01775
703	1151	trans	3.724
704	1109	trans	4.0835
704	1153	trans	4.436
705	1145	trans	5.061
705	1166	trans	3.42571428571429
706	1158	trans	7.4835
707	1142	trans	4.96257142857143
707	1146	trans	5.90966666666667
708	1133	trans	5.47342857142857
708	1147	trans	5.236
709	1099	trans	3.523
709	1114	trans	5.65275
70	955	trans	2.4177
710	1113	trans	8.00171428571429
710	1145	trans	5.281
711	1109	trans	6.09925
711	1132	trans	6.7635
712	1112	trans	6.53975
712	1144	trans	6.461
713	1116	trans	10.091
713	1138	trans	5.90075
714	1114	trans	8.02425
714	1128	trans	9.884
715	1113	trans	9.16575
715	1117	trans	11.7615
716	1116	trans	12.59375
716	1129	trans	11.8615
717	1118	trans	16.37
71	942	trans	2.17353333333333
724	1127	trans	17.30625
725	1117	trans	15.12475
726	1115	trans	9.2
727	1106	trans	4.54675
728	1104	trans	3.41075
729	1110	trans	5.15675
72	594	trans	1.3864
72	950	trans	1.82763333333333
730	1111	trans	5.714
731	1107	trans	4.43142857142857
732	1101	trans	2.91514285714286
733	1105	trans	3.43825
734	1174	trans	2.30862857142857
735	1092	trans	2.438825
736	1053	trans	1.68643333333333
737	1103	trans	3.4455
737	1115	trans	4.117
738	1103	trans	3.72085714285714
739	1077	trans	2.19651428571429
73	890	trans	1.5866
73	935	trans	1.7358
740	1085	trans	2.431125
741	1097	trans	2.92057142857143
745	1110	trans	2.93525
745	1185	trans	1.85185714285714
746	1083	trans	2.23731428571429
749	1086	trans	2.49003333333333
74	956	trans	2.523
750	1073	trans	1.7978
750	1111	trans	2.4312
751	1175	trans	2.01194285714286
752	1043	trans	1.91476666666667
752	1108	trans	2.5165
753	1089	trans	2.507
754	1047	trans	1.95235
755	1184	trans	1.97851428571429
756	1088	trans	2.21857142857143
757	1243	trans	2.02517142857143
758	1056	trans	1.89062857142857
758	1098	trans	2.32697142857143
759	1226	trans	1.65371428571429
75	963	trans	2.00046666666667
75	981	trans	2.07686666666667
760	1092	trans	2.45753333333333
761	1208	trans	1.8827
764	1022	trans	1.79465714285714
76	905	trans	2.1314
76	937	trans	2.10776666666667
770	1205	trans	2.16585714285714
771	1107	trans	2.67472
773	1147	trans	2.45228
774	1078	trans	1.9158
775	1079	trans	1.88743333333333
77	888	trans	2.06672
781	1106	trans	1.90028571428571
783	1066	trans	2.332125
787	1035	trans	1.98705714285714
78	880	trans	1.84213333333333
793	1093	trans	1.57677142857143
799	1065	trans	1.72523333333333
79	938	trans	2.16533333333333
7	1007	trans	42.7
804	1248	trans	1.5182
80	851	trans	1.932
81	871	trans	1.664
81	894	trans	1.60126666666667
82	605	trans	1.83023333333333
83	920	trans	1.5745
84	635	trans	1.43228571428571
84	810	trans	1.69306666666667
851	1231	trans	1.55968571428571
854	1195	trans	1.52585714285714
85	849	trans	1.7852
86	844	trans	1.8008
871	1251	trans	1.48434285714286
87	957	trans	2.34756
88	923	trans	2.2839
89	965	trans	2.2119
8	1008	trans	55.04
90	853	trans	1.91876
90	966	trans	2.03313333333333
91	919	trans	1.84966666666667
925	1257	trans	4.87828571428571
929	1256	trans	1.89071428571429
92	958	trans	2.24936666666667
93	909	trans	1.78883333333333
94	669	trans	3.47542857142857
95	917	trans	2.21943333333333
96	1255	trans	1.50277142857143
96	944	trans	1.96006666666667
97	893	trans	2.00668
980	1183	trans	1.86655
983	1254	trans	1.44957142857143
984	1258	trans	6.02314285714286
98	902	trans	1.9452
99	934	trans	1.8408
9	1006	trans	50.6666666666667
